I want a budget laptop between 30000 and 60000,data/flipkart_data_clean.csv
I want laptop under 30000,data/flipkart_data_clean.csv
I want laptop between 30000 and 50000,data/flipkart_data_clean.csv
I want laptop between 30000 and 50000,data/flipkart_data_clean.csv
I want laptop between 30000 and 80000,data/flipkart_data_ecomurce.csv
I want laptop between 30000 and 80000,data/flipkart_data_ecomurce.csv
I want bugget laptop,data/flipkart_data_ecomurce.csv
I want bugget laptop,data/flipkart_data_ecomurce.csv
I want laptop between 30000 and 70000,data/cleaned_laptop_dataa.csv
I want laptop between 30000 and 70000,data/cleaned_laptop_dataa.csv
I want laptop above 30000 and 8GB RAM,data/cleaned_laptop_dataa.csv
I want a laptop above 30000 and 8GB RAM,data/cleaned_laptop_dataa.csv
I want a laptop above 30000 and 8GB RAM,data/cleaned_laptop_dataa.csv
I want laptop between 30000 and 60000,data/cleaned_laptops_data.csv
I want laptop between 30000 and 60000,data/cleaned_laptops_data.csv
I want laptop under 40000 and 8GB RAM,data/cleaned_laptops_data.csv
I want laptop between 30000 and 70000 with 8GB RAM,data/cleaned_laptops_data.csv
I want laptop between 30000 and 70000 with 8GB RAM,data/cleaned_laptops_data.csv
I want laptop  under 80000 and atleast 16GB RAM,data/cleaned_laptops_data.csv
I want laptop  under 80000 and atleast 16GB RAM,data/cleaned_laptops_data.csv
I want laptop between 40000 and 80000 and atleast 16GB RAM,data/cleaned_laptops_data.csv
I want laptop between 40000 and 80000 and atleast 16GB RAM,data/cleaned_laptops_data.csv
I want laptop between 40000 and 90000 and atleast 16GM RAM,data/cleaned_laptops_data.csv
I want laptop under 50000,data/cleaned_laptops_data.csv
I want laptop under 50000,data/cleaned_laptops_data.csv
I want laptop between 30000 and 70000 with atleast 8GB RAM,data/cleaned_laptops_data.csv
I want laptop between 30000 and 70000 with atleast 8GB RAM,data/cleaned_laptops_data.csv
